customer_id,recency_days,frequency,monetary,r_score,f_score,m_score,rfm_segment
11,9,16,451.40000000000003,5,5,5,555
62,5,13,366.51,5,5,5,555
71,14,12,373.21999999999997,5,5,5,555
94,4,15,384.17,5,5,5,555
233,0,13,413.26,5,5,5,555
340,15,17,586.72,5,5,5,555
400,15,16,443.71,5,5,5,555
470,7,13,367.47,5,5,5,555
472,7,17,357.74,5,5,5,555
502,15,13,348.48,5,5,5,555
536,16,12,340.25,5,5,5,555
547,1,12,450.17,5,5,5,555
570,13,15,430.56,5,5,5,555
710,8,15,422.32,5,5,5,555
756,14,16,471.24,5,5,5,555
835,0,14,460.8,5,5,5,555
841,8,14,409.6,5,5,5,555
873,1,17,467.52000000000004,5,5,5,555
895,6,13,434.27,5,5,5,555
920,3,17,477.03,5,5,5,555
925,2,15,436.49,5,5,5,555
927,11,17,539.03,5,5,5,555
943,0,12,416.11,5,5,5,555
979,2,14,354.64,5,5,5,555
995,14,14,381.08000000000004,5,5,5,555
1000,2,14,391.40999999999997,5,5,5,555
1143,3,12,383.9,5,5,5,555
1156,8,15,639.53,5,5,5,555
1181,15,15,460.15,5,5,5,555
1235,0,14,469.02,5,5,5,555
1284,13,12,623.97,5,5,5,555
1305,1,13,447.11,5,5,5,555
1355,13,12,438.54,5,5,5,555
1413,3,20,551.75,5,5,5,555
1444,11,12,427.09,5,5,5,555
1445,10,13,465.03999999999996,5,5,5,555
1488,4,16,456.24,5,5,5,555
1496,8,12,443.25,5,5,5,555
1558,7,13,491.02,5,5,5,555
1567,6,15,442.49,5,5,5,555
1578,3,17,631.58,5,5,5,555
1608,2,15,349.37,5,5,5,555
1610,14,13,418.65999999999997,5,5,5,555
1634,10,14,510.71,5,5,5,555
1667,11,16,411.33,5,5,5,555
1673,13,16,388.92,5,5,5,555
1713,5,15,383.11,5,5,5,555
1722,15,13,488.74,5,5,5,555
1725,13,14,397.5,5,5,5,555
1731,13,13,502.43,5,5,5,555
1732,9,13,376.85,5,5,5,555
1749,4,13,394.61,5,5,5,555
1771,5,17,441.6,5,5,5,555
1774,1,14,375.98,5,5,5,555
1819,6,13,415.08,5,5,5,555
1850,9,12,384.78,5,5,5,555
1918,10,18,662.33,5,5,5,555
1931,14,14,446.22,5,5,5,555
1958,3,15,543.96,5,5,5,555
218,6,13,330.57,5,5,4,554
274,2,13,337.71,5,5,4,554
278,13,12,285.89,5,5,4,554
326,3,12,285.74,5,5,4,554
579,12,13,331.28,5,5,4,554
621,12,13,298.04,5,5,4,554
755,6,12,311.65,5,5,4,554
883,6,13,289.05,5,5,4,554
901,7,15,325.68,5,5,4,554
984,10,12,304.32,5,5,4,554
1214,9,14,335.36,5,5,4,554
1256,5,12,276.78,5,5,4,554
1301,9,13,337.25,5,5,4,554
1419,2,12,289.81,5,5,4,554
1600,9,14,289.04,5,5,4,554
1635,5,14,335.41,5,5,4,554
1718,15,12,305.16,5,5,4,554
1803,16,12,336.21,5,5,4,554
1839,8,11,275.47,5,5,4,554
1856,16,12,294.19,5,5,4,554
1085,15,12,244.25,5,5,3,553
1744,6,11,238.59,5,5,3,553
1988,15,13,254.81,5,5,3,553
83,14,10,365.59,5,4,5,545
296,1,11,343.19,5,4,5,545
395,12,11,371.99,5,4,5,545
562,1,11,368.86,5,4,5,545
644,2,11,388.3,5,4,5,545
789,7,11,377.37,5,4,5,545
999,5,11,421.27,5,4,5,545
1025,12,10,436.32,5,4,5,545
1079,9,11,351.38,5,4,5,545
1092,11,10,384.95,5,4,5,545
1253,15,10,356.53,5,4,5,545
1283,6,11,385.11,5,4,5,545
1336,13,10,421.02000000000004,5,4,5,545
1358,15,11,555.39,5,4,5,545
1374,5,11,502.72,5,4,5,545
1559,0,11,400.53000000000003,5,4,5,545
1619,3,10,379.53,5,4,5,545
1818,4,9,432.8,5,4,5,545
1902,16,10,353.95,5,4,5,545
112,1,10,294.4,5,4,4,544
186,4,10,267.63,5,4,4,544
205,1,10,295.67,5,4,4,544
267,10,10,320.03,5,4,4,544
338,12,10,297.59,5,4,4,544
344,3,10,302.06,5,4,4,544
485,9,11,311.5,5,4,4,544
486,0,10,283.35,5,4,4,544
491,1,10,270.94,5,4,4,544
492,10,11,313.46000000000004,5,4,4,544
542,1,10,317.75,5,4,4,544
628,6,10,316.93,5,4,4,544
709,8,11,303.03999999999996,5,4,4,544
772,12,11,322.11,5,4,4,544
839,16,11,293.52000000000004,5,4,4,544
880,16,11,271.84,5,4,4,544
1010,9,11,281.77,5,4,4,544
1080,15,10,310.19,5,4,4,544
1091,14,9,284.08,5,4,4,544
1104,6,11,279.06,5,4,4,544
1148,0,11,338.44,5,4,4,544
1286,3,9,263.39,5,4,4,544
1295,9,10,268.29,5,4,4,544
1298,12,9,265.2,5,4,4,544
1382,13,10,310.75,5,4,4,544
1495,14,10,292.28,5,4,4,544
1561,2,9,266.78000000000003,5,4,4,544
1588,0,9,283.18,5,4,4,544
1648,5,9,319.21,5,4,4,544
1715,6,10,314.72,5,4,4,544
1767,5,10,290.75,5,4,4,544
1829,14,10,279.6,5,4,4,544
1864,4,9,323.76,5,4,4,544
1897,12,10,264.55,5,4,4,544
1940,13,10,320.74,5,4,4,544
58,1,10,216.03,5,4,3,543
364,2,10,248.43,5,4,3,543
391,5,10,259.34000000000003,5,4,3,543
459,12,10,249.08,5,4,3,543
602,8,10,253.73,5,4,3,543
801,1,11,255.85,5,4,3,543
830,16,10,226.57,5,4,3,543
1058,13,10,246.11,5,4,3,543
1107,13,9,222.26,5,4,3,543
1157,0,11,256.26,5,4,3,543
1195,16,9,243.15,5,4,3,543
1197,10,9,246.36,5,4,3,543
1348,7,9,230.1,5,4,3,543
1498,5,10,215.99,5,4,3,543
1569,14,9,246.83,5,4,3,543
1761,14,9,262.54,5,4,3,543
1770,5,10,209.5,5,4,3,543
1777,9,9,200.4,5,4,3,543
1883,14,9,256.4,5,4,3,543
1885,1,10,257.93,5,4,3,543
1960,8,9,261.85,5,4,3,543
1142,11,9,183.43,5,4,2,542
325,7,8,365.16999999999996,5,3,5,535
658,14,9,377.76,5,3,5,535
775,1,9,411.49,5,3,5,535
1593,4,8,365.35999999999996,5,3,5,535
34,10,8,333.12,5,3,4,534
113,6,8,305.90999999999997,5,3,4,534
294,13,8,284.49,5,3,4,534
341,6,8,266.56,5,3,4,534
550,1,8,271.82,5,3,4,534
555,2,8,282.73,5,3,4,534
585,7,9,330.44,5,3,4,534
684,10,9,302.62,5,3,4,534
855,8,9,271.17,5,3,4,534
866,9,7,322.1,5,3,4,534
872,0,9,336.71,5,3,4,534
898,3,8,284.52,5,3,4,534
956,4,9,315.9,5,3,4,534
963,12,9,320.37,5,3,4,534
1271,4,8,283.92,5,3,4,534
1289,3,8,275.22,5,3,4,534
1337,7,7,284.1,5,3,4,534
1401,3,7,269.43,5,3,4,534
1805,1,8,266.99,5,3,4,534
1876,8,8,313.97999999999996,5,3,4,534
65,14,9,263.14,5,3,3,533
130,5,8,236.14,5,3,3,533
262,8,9,199.7,5,3,3,533
311,2,9,255.29999999999998,5,3,3,533
319,13,8,249.51,5,3,3,533
674,4,9,204.15,5,3,3,533
904,3,9,206.54,5,3,3,533
1054,11,9,212.92,5,3,3,533
1120,0,8,227.63,5,3,3,533
1152,15,8,223.29999999999998,5,3,3,533
1211,13,8,200.47,5,3,3,533
1352,3,7,201.91,5,3,3,533
1623,13,7,198.37,5,3,3,533
1683,13,8,202.19,5,3,3,533
1740,0,8,200.96,5,3,3,533
1820,2,8,217.35,5,3,3,533
1824,3,8,210.18,5,3,3,533
1933,2,8,222.52,5,3,3,533
1959,14,7,215.84,5,3,3,533
1986,13,7,220.48000000000002,5,3,3,533
170,12,9,194.35,5,3,2,532
203,8,8,193.94,5,3,2,532
287,3,8,151.83,5,3,2,532
537,14,8,192.91,5,3,2,532
691,16,8,175.51,5,3,2,532
747,1,8,170.82,5,3,2,532
781,4,8,180.11,5,3,2,532
832,3,7,172.18,5,3,2,532
843,7,8,163.61,5,3,2,532
985,2,8,154.43,5,3,2,532
1007,16,8,120.55,5,3,2,532
1015,16,8,183.86,5,3,2,532
1262,11,8,159.25,5,3,2,532
1434,10,7,177.28,5,3,2,532
1490,10,7,118.49,5,3,2,532
1514,1,7,198.06,5,3,2,532
1547,11,8,197.11,5,3,2,532
1659,9,7,197.4,5,3,2,532
1815,14,7,183.39,5,3,2,532
1548,11,7,111.81,5,3,1,531
1912,10,7,111.05,5,3,1,531
86,1,7,275.59,5,2,4,524
415,2,7,320.07,5,2,4,524
1131,13,5,264.81,5,2,4,524
55,7,7,217.2,5,2,3,523
173,3,5,201.43,5,2,3,523
182,0,7,205.75,5,2,3,523
227,6,7,242.84,5,2,3,523
407,4,6,214.41,5,2,3,523
432,2,7,222.29000000000002,5,2,3,523
465,1,7,201.35,5,2,3,523
508,12,5,226.78,5,2,3,523
646,5,7,220.78,5,2,3,523
777,0,7,237.63,5,2,3,523
1437,0,6,238.78,5,2,3,523
1541,9,6,217.29,5,2,3,523
1736,4,6,247.41,5,2,3,523
91,10,7,194.97,5,2,2,522
122,15,7,171.61,5,2,2,522
128,13,5,141.03,5,2,2,522
155,11,6,174.53,5,2,2,522
181,9,5,189.75,5,2,2,522
240,1,6,171.13,5,2,2,522
313,6,6,149.93,5,2,2,522
378,9,6,122.99000000000001,5,2,2,522
383,4,6,139.83,5,2,2,522
392,16,7,163.45,5,2,2,522
427,6,6,149.99,5,2,2,522
511,15,5,147.82,5,2,2,522
539,12,6,125.94,5,2,2,522
543,8,6,179.23000000000002,5,2,2,522
561,7,6,150.93,5,2,2,522
590,11,5,169.92000000000002,5,2,2,522
762,8,6,186.1,5,2,2,522
792,8,6,140.1,5,2,2,522
798,0,5,173.47,5,2,2,522
952,12,5,149.64,5,2,2,522
1006,9,5,137.41,5,2,2,522
1031,11,6,158.9,5,2,2,522
1112,8,6,190.0,5,2,2,522
1119,12,6,125.74999999999999,5,2,2,522
1193,15,5,121.97,5,2,2,522
1247,5,6,145.0,5,2,2,522
1269,11,6,190.2,5,2,2,522
1350,8,5,172.6,5,2,2,522
1421,14,6,156.13,5,2,2,522
1462,15,6,197.0,5,2,2,522
1502,14,5,181.8,5,2,2,522
1638,1,4,169.29,5,2,2,522
1651,3,5,165.98000000000002,5,2,2,522
1664,11,6,149.12,5,2,2,522
1694,5,6,166.47,5,2,2,522
1702,10,5,164.95,5,2,2,522
1775,13,6,171.88,5,2,2,522
1799,1,6,170.39,5,2,2,522
1920,1,6,126.78,5,2,2,522
1928,14,4,173.73000000000002,5,2,2,522
1972,11,4,132.52,5,2,2,522
163,8,5,114.61,5,2,1,521
167,6,5,116.83,5,2,1,521
193,1,5,84.74,5,2,1,521
397,14,6,93.84,5,2,1,521
1008,7,6,111.82,5,2,1,521
1096,7,5,111.92,5,2,1,521
1162,8,5,105.78,5,2,1,521
1163,3,5,101.66,5,2,1,521
1243,7,6,113.37,5,2,1,521
1340,8,5,93.41,5,2,1,521
1414,4,5,112.89,5,2,1,521
1601,2,4,95.53999999999999,5,2,1,521
1675,6,4,64.37,5,2,1,521
1724,3,4,94.96000000000001,5,2,1,521
1756,2,4,90.16,5,2,1,521
1927,12,4,71.89,5,2,1,521
1981,7,4,102.16,5,2,1,521
833,10,4,255.95999999999998,5,1,3,513
836,4,4,217.39999999999998,5,1,3,513
1706,11,1,205.52,5,1,3,513
5,10,4,150.18,5,1,2,512
23,13,3,174.12,5,1,2,512
206,7,4,130.85,5,1,2,512
223,2,4,122.93,5,1,2,512
259,9,4,191.89,5,1,2,512
370,12,4,186.94,5,1,2,512
396,14,4,125.13,5,1,2,512
619,6,4,131.73000000000002,5,1,2,512
716,10,3,128.9,5,1,2,512
818,14,3,121.5,5,1,2,512
822,2,4,129.14,5,1,2,512
1052,5,3,157.41,5,1,2,512
1267,15,4,142.10999999999999,5,1,2,512
1487,1,4,135.06,5,1,2,512
1666,8,2,179.16,5,1,2,512
9,0,2,45.7,5,1,1,511
12,11,4,99.5,5,1,1,511
42,8,2,61.07,5,1,1,511
196,9,3,93.6,5,1,1,511
247,2,2,59.550000000000004,5,1,1,511
250,15,3,110.53999999999999,5,1,1,511
276,1,3,112.38,5,1,1,511
306,4,2,33.12,5,1,1,511
310,12,2,26.04,5,1,1,511
322,11,2,94.3,5,1,1,511
329,0,1,39.43,5,1,1,511
375,2,1,50.46,5,1,1,511
420,17,2,64.38,5,1,1,511
435,4,2,51.11,5,1,1,511
441,13,3,97.51,5,1,1,511
463,6,2,30.740000000000002,5,1,1,511
483,6,2,33.51,5,1,1,511
484,14,2,83.47,5,1,1,511
522,4,2,52.18,5,1,1,511
554,8,4,114.18,5,1,1,511
559,10,2,55.47,5,1,1,511
567,12,3,105.69,5,1,1,511
573,10,1,39.02,5,1,1,511
582,7,3,64.09,5,1,1,511
583,16,4,104.47,5,1,1,511
626,0,3,85.66,5,1,1,511
633,1,2,64.71000000000001,5,1,1,511
638,14,1,28.16,5,1,1,511
697,2,1,21.53,5,1,1,511
749,6,2,42.3,5,1,1,511
831,7,3,43.550000000000004,5,1,1,511
890,4,1,46.59,5,1,1,511
891,12,1,14.58,5,1,1,511
894,13,1,19.31,5,1,1,511
913,7,1,77.27,5,1,1,511
945,13,4,83.68,5,1,1,511
997,12,2,41.870000000000005,5,1,1,511
1018,7,3,84.78,5,1,1,511
1026,8,2,87.0,5,1,1,511
1086,16,4,89.77,5,1,1,511
1150,9,2,50.75,5,1,1,511
1185,13,4,91.54,5,1,1,511
1194,15,2,58.94,5,1,1,511
1250,11,4,80.64,5,1,1,511
1251,12,1,23.97,5,1,1,511
1252,9,1,33.77,5,1,1,511
1292,1,2,78.34,5,1,1,511
1303,13,1,24.79,5,1,1,511
1312,5,1,20.09,5,1,1,511
1380,2,4,116.09,5,1,1,511
1460,8,4,76.5,5,1,1,511
1467,6,4,97.53,5,1,1,511
1468,0,1,26.34,5,1,1,511
1509,12,2,16.12,5,1,1,511
1517,15,2,73.22,5,1,1,511
1528,7,4,112.21,5,1,1,511
1572,13,2,84.41,5,1,1,511
1585,7,1,22.6,5,1,1,511
1613,11,2,40.66,5,1,1,511
1723,2,2,47.07,5,1,1,511
1768,9,2,42.81,5,1,1,511
1783,16,1,8.45,5,1,1,511
1879,14,2,32.010000000000005,5,1,1,511
1910,6,1,34.68,5,1,1,511
1921,0,2,68.36,5,1,1,511
1950,3,2,67.84,5,1,1,511
1966,6,1,22.15,5,1,1,511
1990,11,2,62.900000000000006,5,1,1,511
7,21,13,409.53,4,5,5,455
17,30,13,408.39,4,5,5,455
89,38,12,504.26,4,5,5,455
123,38,13,391.1,4,5,5,455
197,37,16,484.91999999999996,4,5,5,455
222,38,13,371.14,4,5,5,455
237,20,13,378.5,4,5,5,455
245,21,12,381.98,4,5,5,455
255,32,14,374.01,4,5,5,455
298,18,13,413.40000000000003,4,5,5,455
403,33,16,628.72,4,5,5,455
520,29,14,398.21999999999997,4,5,5,455
525,26,14,365.46999999999997,4,5,5,455
659,37,12,468.28,4,5,5,455
696,30,13,355.65,4,5,5,455
731,21,12,379.67,4,5,5,455
732,33,15,370.27,4,5,5,455
767,20,14,525.03,4,5,5,455
793,24,14,396.65999999999997,4,5,5,455
810,31,15,442.73,4,5,5,455
813,25,18,506.71000000000004,4,5,5,455
869,22,16,463.94,4,5,5,455
886,31,14,415.3,4,5,5,455
990,23,17,454.96999999999997,4,5,5,455
1042,25,13,437.25,4,5,5,455
1051,24,17,447.94,4,5,5,455
1105,35,17,391.42,4,5,5,455
1149,25,12,344.3,4,5,5,455
1164,26,12,416.69,4,5,5,455
1198,33,12,478.14000000000004,4,5,5,455
1221,26,20,480.47,4,5,5,455
1272,18,14,487.57,4,5,5,455
1319,36,12,371.19,4,5,5,455
1327,22,16,524.59,4,5,5,455
1409,30,13,391.68,4,5,5,455
1430,24,12,355.15,4,5,5,455
1461,19,18,572.45,4,5,5,455
1530,22,15,342.91,4,5,5,455
1557,21,16,455.22,4,5,5,455
1566,27,14,423.07,4,5,5,455
1583,23,13,458.34999999999997,4,5,5,455
1617,34,15,482.87,4,5,5,455
1652,19,13,406.56,4,5,5,455
1735,34,11,500.01,4,5,5,455
1795,33,12,344.49,4,5,5,455
1835,25,14,383.89,4,5,5,455
1847,30,14,418.76,4,5,5,455
1867,27,15,448.08,4,5,5,455
1868,30,13,365.92,4,5,5,455
1919,35,16,539.35,4,5,5,455
1961,24,16,484.68,4,5,5,455
1970,19,13,389.32,4,5,5,455
1979,19,14,505.69,4,5,5,455
101,29,12,326.48,4,5,4,454
146,37,14,333.76,4,5,4,454
207,23,12,292.97,4,5,4,454
320,19,12,280.62,4,5,4,454
431,33,12,268.33,4,5,4,454
607,24,12,299.51,4,5,4,454
654,25,12,308.71,4,5,4,454
892,27,12,304.64,4,5,4,454
1182,37,12,339.38,4,5,4,454
1447,21,15,339.33,4,5,4,454
1506,17,12,324.49,4,5,4,454
1562,25,14,336.92,4,5,4,454
1564,21,12,282.44,4,5,4,454
1674,25,14,264.21000000000004,4,5,4,454
1841,18,11,268.04,4,5,4,454
1844,25,11,311.06,4,5,4,454
1869,20,11,303.41,4,5,4,454
116,22,12,246.42,4,5,3,453
729,33,12,251.87,4,5,3,453
1160,19,12,249.0,4,5,3,453
27,37,11,355.77,4,4,5,445
121,23,10,362.42,4,4,5,445
215,27,11,363.39,4,4,5,445
270,31,11,341.53000000000003,4,4,5,445
613,21,11,374.33,4,4,5,445
819,32,11,348.15,4,4,5,445
1175,29,11,369.18,4,4,5,445
1242,36,10,359.27,4,4,5,445
1478,25,9,376.67,4,4,5,445
1552,36,11,392.52,4,4,5,445
1631,24,11,349.82,4,4,5,445
1854,36,9,392.52,4,4,5,445
10,24,11,297.35,4,4,4,444
36,31,10,263.59,4,4,4,444
53,33,11,283.79,4,4,4,444
68,38,11,292.56,4,4,4,444
175,24,10,269.89,4,4,4,444
261,37,11,332.51,4,4,4,444
285,33,10,299.33,4,4,4,444
324,20,10,278.21,4,4,4,444
347,21,11,286.14,4,4,4,444
359,28,10,277.07,4,4,4,444
394,26,11,323.85,4,4,4,444
409,28,10,338.39,4,4,4,444
482,21,11,301.0,4,4,4,444
495,36,11,291.27,4,4,4,444
518,32,11,269.45,4,4,4,444
546,22,11,334.72,4,4,4,444
581,36,11,309.01,4,4,4,444
616,19,11,322.82,4,4,4,444
676,28,11,299.71999999999997,4,4,4,444
722,17,11,273.76,4,4,4,444
733,34,10,286.56,4,4,4,444
845,19,11,299.06,4,4,4,444
978,26,10,312.96999999999997,4,4,4,444
998,26,10,324.01,4,4,4,444
1062,17,11,323.19,4,4,4,444
1147,20,9,301.86,4,4,4,444
1180,24,10,333.71,4,4,4,444
1311,34,11,294.03,4,4,4,444
1349,26,11,284.74,4,4,4,444
1367,34,10,276.4,4,4,4,444
1408,35,9,323.09,4,4,4,444
1427,17,10,293.47,4,4,4,444
1464,32,10,294.54,4,4,4,444
1466,28,10,294.97,4,4,4,444
1491,33,11,326.05,4,4,4,444
1493,20,9,317.09000000000003,4,4,4,444
1595,22,10,317.43,4,4,4,444
1604,31,11,272.9,4,4,4,444
1787,21,9,286.88,4,4,4,444
1877,21,10,287.84000000000003,4,4,4,444
1884,28,9,283.07,4,4,4,444
1962,23,9,284.79,4,4,4,444
1991,32,9,291.8,4,4,4,444
19,20,10,231.39,4,4,3,443
124,23,11,248.72,4,4,3,443
349,18,11,254.11,4,4,3,443
421,26,10,224.97000000000003,4,4,3,443
530,19,11,236.32,4,4,3,443
641,18,10,239.53,4,4,3,443
806,35,10,209.32999999999998,4,4,3,443
821,25,11,214.41,4,4,3,443
922,19,11,257.21,4,4,3,443
1229,33,9,212.65,4,4,3,443
1294,26,10,237.82,4,4,3,443
1317,27,9,247.41,4,4,3,443
1424,19,10,252.05,4,4,3,443
1546,20,10,263.26,4,4,3,443
1650,33,9,224.58,4,4,3,443
1826,28,9,237.26,4,4,3,443
757,18,10,188.01,4,4,2,442
1394,18,10,193.59,4,4,2,442
1503,31,9,175.87,4,4,2,442
382,31,8,423.08000000000004,4,3,5,435
680,36,9,525.0,4,3,5,435
687,19,9,379.85,4,3,5,435
912,18,8,355.54,4,3,5,435
1397,17,8,389.73,4,3,5,435
108,25,8,288.28999999999996,4,3,4,434
111,29,9,322.29,4,3,4,434
127,25,9,288.31,4,3,4,434
266,35,9,274.79,4,3,4,434
353,26,8,273.41,4,3,4,434
369,37,9,307.02,4,3,4,434
466,17,9,300.55,4,3,4,434
468,32,9,276.87,4,3,4,434
481,28,9,280.68,4,3,4,434
523,37,8,308.04,4,3,4,434
608,38,9,283.76,4,3,4,434
834,32,8,318.67,4,3,4,434
1023,30,9,264.93,4,3,4,434
1067,33,9,312.01,4,3,4,434
1141,36,8,325.54,4,3,4,434
1344,18,8,339.78,4,3,4,434
1431,19,8,333.18,4,3,4,434
1974,37,8,335.4,4,3,4,434
37,36,8,217.11,4,3,3,433
143,29,8,220.67,4,3,3,433
153,27,8,262.96,4,3,3,433
330,20,9,207.97,4,3,3,433
339,30,8,251.76,4,3,3,433
366,37,9,240.03,4,3,3,433
428,30,8,217.95,4,3,3,433
524,35,8,213.11,4,3,3,433
669,33,9,216.61,4,3,3,433
675,37,8,230.62,4,3,3,433
694,28,9,247.1,4,3,3,433
753,33,9,228.89,4,3,3,433
776,20,8,230.17000000000002,4,3,3,433
824,37,9,230.47,4,3,3,433
885,23,8,227.03,4,3,3,433
903,21,8,238.91,4,3,3,433
933,22,7,210.5,4,3,3,433
1013,26,8,214.42000000000002,4,3,3,433
1019,20,8,200.68,4,3,3,433
1020,26,8,208.49,4,3,3,433
1077,33,8,248.47,4,3,3,433
1109,17,7,210.68,4,3,3,433
1183,28,7,223.16,4,3,3,433
1184,22,8,212.02,4,3,3,433
1196,24,8,240.24,4,3,3,433
1204,25,8,260.94,4,3,3,433
1379,26,8,203.5,4,3,3,433
1383,33,8,224.92000000000002,4,3,3,433
1525,38,8,232.97,4,3,3,433
1581,36,7,213.31,4,3,3,433
1605,19,8,243.47,4,3,3,433
1656,33,8,205.56,4,3,3,433
1695,28,8,252.77999999999997,4,3,3,433
1790,33,8,242.41,4,3,3,433
1794,22,7,203.18,4,3,3,433
102,31,8,169.32,4,3,2,432
165,34,8,173.47,4,3,2,432
256,34,9,197.1,4,3,2,432
857,18,9,189.06,4,3,2,432
907,28,7,156.61,4,3,2,432
1222,22,8,183.70999999999998,4,3,2,432
1224,20,7,161.69,4,3,2,432
1626,17,7,142.38,4,3,2,432
1646,29,7,198.35000000000002,4,3,2,432
1739,32,8,140.15,4,3,2,432
1743,26,8,183.09,4,3,2,432
1798,36,7,161.78,4,3,2,432
1813,26,8,197.96,4,3,2,432
1980,34,8,141.35999999999999,4,3,2,432
1994,34,8,162.65,4,3,2,432
1800,18,8,110.59,4,3,1,431
662,27,6,303.08000000000004,4,2,4,424
940,27,6,323.37,4,2,4,424
63,31,7,224.47,4,2,3,423
75,27,7,208.47,4,2,3,423
79,37,7,223.18,4,2,3,423
187,34,7,228.23999999999998,4,2,3,423
265,18,7,220.67000000000002,4,2,3,423
361,32,6,224.17000000000002,4,2,3,423
411,21,7,229.32000000000002,4,2,3,423
442,32,7,199.84,4,2,3,423
475,37,7,234.4,4,2,3,423
545,19,6,201.63,4,2,3,423
809,32,7,221.48000000000002,4,2,3,423
1076,19,6,227.48,4,2,3,423
1220,25,6,241.85999999999999,4,2,3,423
1356,23,6,203.8,4,2,3,423
1629,20,5,211.79000000000002,4,2,3,423
1665,20,6,205.06,4,2,3,423
41,30,7,186.25,4,2,2,422
64,35,6,170.12,4,2,2,422
85,19,6,191.84,4,2,2,422
118,38,6,150.05,4,2,2,422
192,35,5,135.76,4,2,2,422
272,32,5,141.14,4,2,2,422
406,27,5,137.88,4,2,2,422
436,31,6,121.07,4,2,2,422
513,25,5,141.42,4,2,2,422
548,35,6,137.67,4,2,2,422
617,37,6,141.91,4,2,2,422
627,22,6,181.09,4,2,2,422
667,23,6,166.23000000000002,4,2,2,422
689,28,6,149.31,4,2,2,422
959,31,5,123.09,4,2,2,422
966,35,6,150.68,4,2,2,422
983,27,6,185.85,4,2,2,422
1016,23,6,141.38,4,2,2,422
1050,24,6,126.2,4,2,2,422
1059,21,6,126.13,4,2,2,422
1061,37,6,181.32999999999998,4,2,2,422
1068,26,5,147.32999999999998,4,2,2,422
1070,28,5,161.55,4,2,2,422
1223,31,6,187.66,4,2,2,422
1290,29,6,121.05,4,2,2,422
1325,31,6,120.17,4,2,2,422
1343,33,6,192.32,4,2,2,422
1485,20,5,168.25,4,2,2,422
1576,35,6,162.99,4,2,2,422
1618,29,5,121.18,4,2,2,422
1620,22,6,146.41,4,2,2,422
1658,35,4,144.91,4,2,2,422
1692,35,4,138.78,4,2,2,422
1773,18,6,157.59,4,2,2,422
1778,24,6,141.97,4,2,2,422
1779,32,5,165.82999999999998,4,2,2,422
1817,20,6,186.71,4,2,2,422
1863,18,4,129.29000000000002,4,2,2,422
1873,25,5,154.19,4,2,2,422
125,29,5,75.06,4,2,1,421
363,35,5,89.85,4,2,1,421
440,29,5,81.02,4,2,1,421
637,28,5,97.52,4,2,1,421
648,32,7,115.80000000000001,4,2,1,421
657,30,5,85.48,4,2,1,421
1060,17,5,75.3,4,2,1,421
1212,38,6,101.39999999999999,4,2,1,421
1492,38,5,116.19,4,2,1,421
1501,36,5,101.17999999999999,4,2,1,421
1806,25,4,65.45,4,2,1,421
1907,26,4,86.82999999999998,4,2,1,421
1997,29,5,106.22,4,2,1,421
1,24,4,221.68,4,1,3,413
242,36,4,198.81,4,1,3,413
29,19,4,142.55,4,1,2,412
380,24,4,180.72,4,1,2,412
443,19,3,124.66,4,1,2,412
498,26,3,159.23000000000002,4,1,2,412
685,30,4,123.03,4,1,2,412
1044,20,2,180.02,4,1,2,412
1249,25,2,139.28,4,1,2,412
1270,17,3,177.43,4,1,2,412
1649,34,3,140.73000000000002,4,1,2,412
1896,26,3,128.23,4,1,2,412
25,22,1,37.04,4,1,1,411
40,38,1,58.84,4,1,1,411
47,31,2,48.36,4,1,1,411
48,22,4,117.88,4,1,1,411
76,25,2,26.58,4,1,1,411
78,26,1,51.87,4,1,1,411
100,29,4,107.63,4,1,1,411
135,38,3,64.53,4,1,1,411
138,22,2,31.96,4,1,1,411
151,27,3,59.260000000000005,4,1,1,411
172,28,1,12.66,4,1,1,411
177,28,2,104.72999999999999,4,1,1,411
180,22,2,40.51,4,1,1,411
185,27,3,107.66,4,1,1,411
190,26,2,62.31,4,1,1,411
210,36,2,21.61,4,1,1,411
243,32,3,57.74,4,1,1,411
254,25,2,37.43,4,1,1,411
273,25,1,17.16,4,1,1,411
307,27,2,33.36,4,1,1,411
385,31,2,48.74,4,1,1,411
388,27,3,71.22,4,1,1,411
549,38,2,56.19,4,1,1,411
557,22,3,91.42999999999999,4,1,1,411
589,35,1,12.9,4,1,1,411
600,30,2,50.45,4,1,1,411
632,19,2,62.199999999999996,4,1,1,411
636,32,1,53.51,4,1,1,411
718,28,3,86.48,4,1,1,411
736,22,2,51.83,4,1,1,411
738,27,2,41.96,4,1,1,411
765,19,2,32.91,4,1,1,411
799,17,4,91.97,4,1,1,411
851,31,1,33.99,4,1,1,411
874,37,3,116.99000000000001,4,1,1,411
910,18,4,103.37,4,1,1,411
911,21,3,87.69999999999999,4,1,1,411
967,35,1,26.77,4,1,1,411
968,23,1,26.94,4,1,1,411
1009,32,2,37.54,4,1,1,411
1011,19,4,117.85,4,1,1,411
1063,27,3,34.71,4,1,1,411
1082,26,1,42.71,4,1,1,411
1095,31,1,12.21,4,1,1,411
1106,28,3,52.25,4,1,1,411
1146,21,1,14.45,4,1,1,411
1153,27,4,112.55,4,1,1,411
1165,17,2,32.32,4,1,1,411
1213,30,1,17.08,4,1,1,411
1228,19,3,70.22999999999999,4,1,1,411
1232,28,4,76.31,4,1,1,411
1296,28,1,63.05,4,1,1,411
1316,20,2,37.91,4,1,1,411
1357,37,3,51.93,4,1,1,411
1360,35,2,52.150000000000006,4,1,1,411
1390,35,2,64.25999999999999,4,1,1,411
1428,31,2,31.74,4,1,1,411
1457,21,1,34.32,4,1,1,411
1469,32,3,68.52,4,1,1,411
1497,22,2,47.269999999999996,4,1,1,411
1518,36,2,81.87,4,1,1,411
1574,18,1,31.84,4,1,1,411
1584,30,4,89.18,4,1,1,411
1590,26,3,95.94999999999999,4,1,1,411
1616,29,2,46.480000000000004,4,1,1,411
1647,17,3,68.27000000000001,4,1,1,411
1661,25,3,54.95,4,1,1,411
1672,20,1,17.04,4,1,1,411
1711,36,1,18.1,4,1,1,411
1758,31,3,116.99000000000001,4,1,1,411
1786,25,3,51.39,4,1,1,411
1804,18,2,52.81,4,1,1,411
1822,29,3,66.4,4,1,1,411
1891,29,3,61.11,4,1,1,411
1901,24,1,18.56,4,1,1,411
1922,32,1,41.7,4,1,1,411
1925,32,1,26.11,4,1,1,411
1956,31,2,83.45,4,1,1,411
1967,25,3,108.78,4,1,1,411
1968,31,1,7.66,4,1,1,411
43,46,14,465.38,3,5,5,355
60,53,14,449.94,3,5,5,355
61,47,13,422.41,3,5,5,355
66,49,13,369.2,3,5,5,355
87,45,12,402.12,3,5,5,355
88,64,14,369.0,3,5,5,355
171,62,13,417.15999999999997,3,5,5,355
195,58,16,349.92,3,5,5,355
212,51,12,486.21,3,5,5,355
251,65,16,385.25,3,5,5,355
358,41,12,432.06,3,5,5,355
362,59,13,434.8,3,5,5,355
365,60,15,474.26,3,5,5,355
381,50,13,458.92,3,5,5,355
401,69,12,418.77,3,5,5,355
419,55,13,341.59000000000003,3,5,5,355
433,50,13,401.24,3,5,5,355
448,62,12,445.96,3,5,5,355
461,39,12,406.29,3,5,5,355
576,46,15,522.82,3,5,5,355
606,63,15,521.39,3,5,5,355
688,59,13,424.53999999999996,3,5,5,355
726,68,15,405.14,3,5,5,355
742,40,15,459.1,3,5,5,355
808,42,18,508.01000000000005,3,5,5,355
828,69,13,410.33,3,5,5,355
932,50,18,529.41,3,5,5,355
955,46,13,349.6,3,5,5,355
977,68,13,340.71999999999997,3,5,5,355
1055,48,12,418.68,3,5,5,355
1069,41,13,431.40999999999997,3,5,5,355
1094,41,12,456.05,3,5,5,355
1128,54,15,462.55,3,5,5,355
1171,69,15,404.39,3,5,5,355
1178,49,13,377.99,3,5,5,355
1187,51,13,492.59,3,5,5,355
1201,54,12,375.9,3,5,5,355
1203,42,13,345.06,3,5,5,355
1226,57,13,386.44,3,5,5,355
1254,49,15,528.73,3,5,5,355
1259,57,15,375.3,3,5,5,355
1280,69,12,464.78,3,5,5,355
1373,55,14,364.28999999999996,3,5,5,355
1442,46,14,488.86,3,5,5,355
1443,48,15,510.02,3,5,5,355
1446,67,12,422.1,3,5,5,355
1475,51,14,407.21999999999997,3,5,5,355
1484,50,13,382.78999999999996,3,5,5,355
1489,60,13,434.5,3,5,5,355
1507,58,15,405.11,3,5,5,355
1609,39,13,458.29,3,5,5,355
1703,51,11,438.09000000000003,3,5,5,355
1720,67,14,394.89,3,5,5,355
1730,52,12,411.48,3,5,5,355
1751,40,16,489.73,3,5,5,355
1760,42,12,377.15,3,5,5,355
1781,50,14,456.27,3,5,5,355
1836,64,13,368.53000000000003,3,5,5,355
1894,47,13,470.87,3,5,5,355
1895,56,13,412.51,3,5,5,355
1914,40,15,470.67,3,5,5,355
1936,54,19,493.29,3,5,5,355
1939,64,13,348.62,3,5,5,355
1999,41,11,353.01,3,5,5,355
169,50,12,290.5,3,5,4,354
305,55,13,339.03000000000003,3,5,4,354
309,60,12,290.12,3,5,4,354
360,53,12,337.76,3,5,4,354
506,68,12,327.36,3,5,4,354
698,53,14,301.78000000000003,3,5,4,354
783,51,13,265.54,3,5,4,354
918,56,12,319.03000000000003,3,5,4,354
1048,62,12,282.3,3,5,4,354
1261,60,12,302.79,3,5,4,354
1278,48,12,316.58,3,5,4,354
1420,43,13,338.79,3,5,4,354
1663,64,12,298.74,3,5,4,354
1947,39,13,283.08,3,5,4,354
820,53,12,255.28,3,5,3,353
1532,65,12,252.49,3,5,3,353
1680,62,11,258.5,3,5,3,353
1904,66,11,216.84,3,5,3,353
284,52,10,354.2,3,4,5,345
291,43,11,353.17,3,4,5,345
535,62,11,352.15999999999997,3,4,5,345
611,52,11,445.36,3,4,5,345
947,63,11,344.5,3,4,5,345
992,53,10,384.45,3,4,5,345
1027,46,10,383.65000000000003,3,4,5,345
1090,41,11,403.34,3,4,5,345
1132,65,9,378.15999999999997,3,4,5,345
1398,67,11,370.34000000000003,3,4,5,345
18,58,11,308.31,3,4,4,344
72,41,11,323.67,3,4,4,344
132,66,11,312.46000000000004,3,4,4,344
271,48,11,282.98,3,4,4,344
586,45,10,328.86,3,4,4,344
603,63,10,265.98,3,4,4,344
649,52,10,311.01,3,4,4,344
677,47,10,328.45,3,4,4,344
865,45,10,269.04,3,4,4,344
905,44,10,283.95,3,4,4,344
1040,61,11,313.79,3,4,4,344
1093,44,10,322.53,3,4,4,344
1136,64,9,335.23,3,4,4,344
1199,55,9,303.48,3,4,4,344
1217,56,9,334.14,3,4,4,344
1218,53,9,273.65,3,4,4,344
1277,64,9,298.81,3,4,4,344
1281,41,10,338.71999999999997,3,4,4,344
1291,43,9,332.38,3,4,4,344
1306,42,9,263.8,3,4,4,344
1335,59,11,336.09,3,4,4,344
1432,44,9,332.63,3,4,4,344
1435,54,11,279.57,3,4,4,344
1531,59,10,330.63,3,4,4,344
1587,43,9,278.48,3,4,4,344
1707,45,10,282.5,3,4,4,344
1745,45,9,295.89,3,4,4,344
1827,39,10,308.2,3,4,4,344
1874,38,10,300.91,3,4,4,344
1996,60,9,326.05,3,4,4,344
74,53,10,222.69,3,4,3,343
351,40,11,224.87,3,4,3,343
532,43,10,258.55,3,4,3,343
739,42,10,227.15,3,4,3,343
794,39,10,252.19,3,4,3,343
1113,57,9,262.02,3,4,3,343
1173,58,10,238.4,3,4,3,343
1246,53,11,250.75,3,4,3,343
1279,61,10,237.15,3,4,3,343
1318,59,11,246.77,3,4,3,343
1339,53,10,248.55,3,4,3,343
1345,48,9,237.65,3,4,3,343
1400,68,11,230.44,3,4,3,343
1500,52,10,239.09,3,4,3,343
1642,67,9,251.73000000000002,3,4,3,343
1681,38,9,229.44,3,4,3,343
1719,62,10,242.01,3,4,3,343
1727,43,9,245.75,3,4,3,343
1754,40,9,229.22,3,4,3,343
1764,41,9,258.87,3,4,3,343
1776,41,9,200.38,3,4,3,343
1808,52,10,238.02,3,4,3,343
1837,52,9,212.25,3,4,3,343
1849,63,10,242.46,3,4,3,343
1878,39,10,235.21,3,4,3,343
1963,61,9,233.42000000000002,3,4,3,343
1989,53,9,235.6,3,4,3,343
1282,45,9,182.32,3,4,2,342
1621,49,10,185.34,3,4,2,342
1913,59,9,189.39,3,4,2,342
54,43,9,372.9,3,3,5,335
323,39,8,344.1,3,3,5,335
446,53,8,356.57,3,3,5,335
558,56,9,371.57,3,3,5,335
620,57,9,415.26,3,3,5,335
1124,56,8,396.62,3,3,5,335
45,61,8,331.69,3,3,4,334
139,57,8,311.76,3,3,4,334
162,43,9,338.71,3,3,4,334
302,68,8,274.88,3,3,4,334
333,52,8,273.31,3,3,4,334
469,61,9,264.09,3,3,4,334
480,47,8,267.46000000000004,3,3,4,334
507,48,8,282.15,3,3,4,334
563,63,9,293.28000000000003,3,3,4,334
568,44,9,313.16,3,3,4,334
647,68,9,267.03999999999996,3,3,4,334
750,44,9,264.21999999999997,3,3,4,334
826,65,9,270.13,3,3,4,334
888,50,7,275.27,3,3,4,334
919,63,9,268.48,3,3,4,334
946,56,8,297.61,3,3,4,334
949,54,9,317.7,3,3,4,334
1004,64,8,276.44,3,3,4,334
1108,64,7,275.68,3,3,4,334
1361,48,8,263.89,3,3,4,334
1793,52,8,277.33,3,3,4,334
200,57,9,236.13,3,3,3,333
221,44,8,255.81,3,3,3,333
281,53,9,231.81,3,3,3,333
292,60,9,222.03,3,3,3,333
456,42,9,205.3,3,3,3,333
462,53,8,206.44,3,3,3,333
541,65,9,225.87,3,3,3,333
593,46,8,217.68,3,3,3,333
717,56,8,227.48000000000002,3,3,3,333
760,64,9,237.13,3,3,3,333
779,60,8,211.35999999999999,3,3,3,333
800,46,9,257.74,3,3,3,333
812,51,7,232.95000000000002,3,3,3,333
852,60,8,249.21,3,3,3,333
884,41,7,200.98000000000002,3,3,3,333
906,55,8,262.76,3,3,3,333
916,60,8,220.41,3,3,3,333
942,47,8,209.65,3,3,3,333
1057,54,9,217.43,3,3,3,333
1097,64,7,207.58,3,3,3,333
1227,63,7,234.73,3,3,3,333
1241,51,8,210.26,3,3,3,333
1276,65,8,230.84,3,3,3,333
1324,40,8,230.73,3,3,3,333
1378,47,8,225.41,3,3,3,333
1438,48,8,206.96,3,3,3,333
1513,48,7,206.63,3,3,3,333
1556,42,8,221.37,3,3,3,333
1599,49,7,236.14,3,3,3,333
1606,49,7,218.24,3,3,3,333
1828,59,7,248.19,3,3,3,333
1870,49,7,226.08,3,3,3,333
1886,56,8,242.34,3,3,3,333
129,44,9,193.03,3,3,2,332
355,52,8,151.56,3,3,2,332
424,51,9,190.57,3,3,2,332
515,43,8,162.34,3,3,2,332
671,57,8,193.69,3,3,2,332
889,48,8,158.06,3,3,2,332
915,39,8,118.45,3,3,2,332
921,47,8,187.41,3,3,2,332
972,69,8,197.5,3,3,2,332
1084,67,8,163.17000000000002,3,3,2,332
1088,64,7,130.83,3,3,2,332
1103,55,8,152.4,3,3,2,332
1125,53,7,159.97,3,3,2,332
1167,56,7,169.66,3,3,2,332
1372,56,7,129.55,3,3,2,332
1407,62,8,167.74,3,3,2,332
1482,67,8,162.8,3,3,2,332
1842,56,8,171.51,3,3,2,332
390,64,7,392.88,3,2,5,325
618,45,7,352.36,3,2,5,325
2,45,7,294.99,3,2,4,324
202,59,7,281.0,3,2,4,324
499,59,6,279.94,3,2,4,324
1216,57,6,264.34,3,2,4,324
131,52,7,212.86,3,2,3,323
134,55,7,258.85,3,2,3,323
346,51,7,230.48000000000002,3,2,3,323
426,62,7,232.3,3,2,3,323
447,42,7,202.4,3,2,3,323
453,50,7,256.93,3,2,3,323
693,43,7,214.93,3,2,3,323
700,61,7,235.8,3,2,3,323
714,62,7,249.5,3,2,3,323
743,58,7,201.88,3,2,3,323
815,60,5,210.08,3,2,3,323
931,44,6,259.69,3,2,3,323
1166,48,6,219.79,3,2,3,323
1591,42,5,245.75,3,2,3,323
1693,44,6,203.5,3,2,3,323
1852,45,5,217.68,3,2,3,323
6,47,6,190.9,3,2,2,322
154,63,6,123.78,3,2,2,322
189,45,5,181.14,3,2,2,322
264,51,6,169.68,3,2,2,322
335,59,5,139.26999999999998,3,2,2,322
405,47,7,136.11,3,2,2,322
551,53,6,138.85,3,2,2,322
610,40,5,142.82,3,2,2,322
645,63,6,118.78,3,2,2,322
651,41,7,142.79,3,2,2,322
711,57,5,143.21,3,2,2,322
712,61,6,130.47,3,2,2,322
725,59,7,156.11,3,2,2,322
770,61,6,193.37,3,2,2,322
782,47,5,131.47,3,2,2,322
1024,46,6,167.93,3,2,2,322
1065,59,6,126.38,3,2,2,322
1111,62,5,159.79,3,2,2,322
1205,41,6,195.54000000000002,3,2,2,322
1233,53,6,151.26,3,2,2,322
1258,53,6,157.22,3,2,2,322
1323,68,5,189.47,3,2,2,322
1362,57,6,139.95,3,2,2,322
1381,60,5,134.09,3,2,2,322
1481,47,5,143.61,3,2,2,322
1512,48,6,186.32,3,2,2,322
1554,65,6,132.27,3,2,2,322
1668,44,6,146.45,3,2,2,322
1669,68,5,131.51,3,2,2,322
1671,47,6,140.94,3,2,2,322
1823,38,5,136.02,3,2,2,322
1861,53,5,143.3,3,2,2,322
1862,52,4,158.28,3,2,2,322
1875,51,4,153.85,3,2,2,322
1889,48,5,146.43,3,2,2,322
1952,51,6,150.17,3,2,2,322
1983,52,6,184.17,3,2,2,322
1987,46,5,120.82000000000001,3,2,2,322
73,59,5,113.72,3,2,1,321
216,40,5,108.05,3,2,1,321
458,54,5,63.76,3,2,1,321
534,52,5,114.91,3,2,1,321
560,43,5,114.85,3,2,1,321
1140,61,5,103.63,3,2,1,321
1159,59,5,101.83,3,2,1,321
1678,55,4,82.33,3,2,1,321
1721,51,6,63.15,3,2,1,321
1858,41,4,98.47,3,2,1,321
1865,64,4,113.06,3,2,1,321
1975,38,4,113.22,3,2,1,321
605,43,4,203.73,3,1,3,313
183,64,4,139.5,3,1,2,312
625,65,4,152.97,3,1,2,312
665,61,3,130.46,3,1,2,312
994,61,4,127.66,3,1,2,312
1315,52,4,130.41,3,1,2,312
1341,64,4,127.7,3,1,2,312
1366,40,4,137.48,3,1,2,312
1411,55,4,124.71,3,1,2,312
1473,62,3,155.26,3,1,2,312
1965,40,3,118.92,3,1,2,312
3,61,1,30.82,3,1,1,311
92,56,2,78.27,3,1,1,311
115,60,4,91.19999999999999,3,1,1,311
149,59,2,46.650000000000006,3,1,1,311
198,63,3,48.86,3,1,1,311
230,39,1,35.46,3,1,1,311
236,59,4,115.51,3,1,1,311
246,69,3,91.28,3,1,1,311
260,63,2,28.58,3,1,1,311
275,44,2,34.9,3,1,1,311
290,49,1,37.1,3,1,1,311
299,52,4,103.27,3,1,1,311
303,56,3,77.17999999999999,3,1,1,311
327,39,3,65.65,3,1,1,311
345,42,3,55.1,3,1,1,311
416,64,4,114.27,3,1,1,311
450,51,1,27.08,3,1,1,311
494,53,4,109.83,3,1,1,311
503,61,1,21.54,3,1,1,311
553,59,2,63.93,3,1,1,311
575,61,2,46.4,3,1,1,311
592,44,3,53.89,3,1,1,311
604,51,3,56.519999999999996,3,1,1,311
629,51,3,37.5,3,1,1,311
692,59,1,10.4,3,1,1,311
695,44,2,60.08,3,1,1,311
825,48,2,96.15,3,1,1,311
862,60,2,51.8,3,1,1,311
867,42,1,32.97,3,1,1,311
879,69,3,67.83,3,1,1,311
893,60,4,104.24000000000001,3,1,1,311
928,44,1,21.22,3,1,1,311
953,50,3,91.24000000000001,3,1,1,311
964,62,3,77.44,3,1,1,311
971,44,3,65.56,3,1,1,311
1028,65,3,65.85,3,1,1,311
1035,69,1,12.88,3,1,1,311
1116,66,2,38.22,3,1,1,311
1121,41,1,29.26,3,1,1,311
1158,60,2,38.22,3,1,1,311
1186,64,2,69.73,3,1,1,311
1188,52,4,83.74,3,1,1,311
1190,41,2,29.759999999999998,3,1,1,311
1230,44,2,33.480000000000004,3,1,1,311
1260,42,3,48.12,3,1,1,311
1326,63,3,101.86,3,1,1,311
1328,62,4,96.33000000000001,3,1,1,311
1365,58,3,38.03,3,1,1,311
1384,43,2,54.57,3,1,1,311
1385,46,2,29.130000000000003,3,1,1,311
1404,54,2,40.05,3,1,1,311
1416,57,2,44.72,3,1,1,311
1418,51,3,79.86,3,1,1,311
1543,41,2,58.739999999999995,3,1,1,311
1568,67,1,39.98,3,1,1,311
1594,38,2,103.54,3,1,1,311
1622,46,1,31.22,3,1,1,311
1636,51,1,25.66,3,1,1,311
1641,47,3,74.18,3,1,1,311
1689,45,1,17.28,3,1,1,311
1717,64,3,84.48,3,1,1,311
1825,58,3,75.03,3,1,1,311
1831,63,1,18.45,3,1,1,311
1833,52,1,90.8,3,1,1,311
1866,45,1,14.8,3,1,1,311
1887,40,1,20.4,3,1,1,311
1888,39,2,33.19,3,1,1,311
1915,43,1,18.23,3,1,1,311
1926,47,2,83.49,3,1,1,311
1976,59,2,60.690000000000005,3,1,1,311
30,102,14,361.26,2,5,5,255
49,90,12,368.84,2,5,5,255
81,74,12,489.63,2,5,5,255
110,112,13,520.99,2,5,5,255
156,102,12,458.2,2,5,5,255
157,106,15,560.61,2,5,5,255
201,74,14,367.97999999999996,2,5,5,255
226,106,13,382.24,2,5,5,255
234,73,16,458.96000000000004,2,5,5,255
248,93,12,367.4,2,5,5,255
286,106,15,387.69,2,5,5,255
336,119,16,355.74,2,5,5,255
352,76,13,521.99,2,5,5,255
398,99,15,367.43,2,5,5,255
418,106,12,366.15,2,5,5,255
430,70,16,405.02,2,5,5,255
439,79,14,481.06,2,5,5,255
460,108,12,396.67,2,5,5,255
497,111,13,357.39,2,5,5,255
501,120,16,520.78,2,5,5,255
699,74,13,468.42,2,5,5,255
713,83,15,614.07,2,5,5,255
727,78,19,550.25,2,5,5,255
740,87,12,381.54,2,5,5,255
795,88,13,422.67,2,5,5,255
804,106,14,372.66,2,5,5,255
847,75,14,401.92,2,5,5,255
914,72,16,377.99,2,5,5,255
934,106,15,508.66,2,5,5,255
961,76,14,449.78999999999996,2,5,5,255
975,90,17,588.04,2,5,5,255
986,107,12,346.32,2,5,5,255
1074,121,15,375.03,2,5,5,255
1098,83,13,479.46999999999997,2,5,5,255
1102,107,15,406.24,2,5,5,255
1122,117,12,341.72,2,5,5,255
1127,94,13,376.03999999999996,2,5,5,255
1170,119,14,482.74,2,5,5,255
1207,101,16,491.46999999999997,2,5,5,255
1225,70,16,418.94,2,5,5,255
1245,78,13,444.18,2,5,5,255
1293,103,12,397.96999999999997,2,5,5,255
1300,69,13,414.46000000000004,2,5,5,255
1330,112,13,548.99,2,5,5,255
1347,77,13,373.57,2,5,5,255
1391,106,13,443.63,2,5,5,255
1472,86,15,593.85,2,5,5,255
1474,77,14,346.71000000000004,2,5,5,255
1516,72,14,347.91999999999996,2,5,5,255
1521,85,14,393.19,2,5,5,255
1524,81,14,378.47,2,5,5,255
1553,86,16,528.89,2,5,5,255
1586,109,12,368.8,2,5,5,255
1637,81,13,455.21000000000004,2,5,5,255
1670,87,11,414.21999999999997,2,5,5,255
1686,93,15,493.01,2,5,5,255
1792,113,12,363.95,2,5,5,255
1812,79,11,449.12,2,5,5,255
1859,82,13,418.17,2,5,5,255
1923,99,11,358.73,2,5,5,255
1937,113,13,371.94,2,5,5,255
1973,69,12,386.39,2,5,5,255
106,117,12,332.35,2,5,4,254
594,74,12,338.0,2,5,4,254
764,116,12,270.2,2,5,4,254
788,115,12,329.69,2,5,4,254
814,93,13,281.18,2,5,4,254
897,75,12,303.86,2,5,4,254
1389,119,12,329.78000000000003,2,5,4,254
1426,105,12,321.54,2,5,4,254
1592,107,13,287.43,2,5,4,254
1640,90,11,296.25,2,5,4,254
1691,71,13,324.15,2,5,4,254
1705,86,13,339.71000000000004,2,5,4,254
1716,70,14,320.62,2,5,4,254
1788,107,13,289.05,2,5,4,254
1796,87,14,308.04,2,5,4,254
1832,85,13,311.26,2,5,4,254
1898,70,11,304.84,2,5,4,254
1955,121,12,337.12,2,5,4,254
1982,107,12,320.11,2,5,4,254
807,117,12,243.72,2,5,3,253
1714,81,11,243.38,2,5,3,253
1726,85,11,170.37,2,5,2,252
194,93,11,370.6,2,4,5,245
690,87,11,403.04,2,4,5,245
723,105,11,425.90999999999997,2,4,5,245
784,79,11,341.85,2,4,5,245
796,85,10,339.92,2,4,5,245
823,116,11,520.35,2,4,5,245
838,115,10,351.1,2,4,5,245
1066,80,11,408.69,2,4,5,245
1285,117,11,350.02,2,4,5,245
1412,83,10,409.3,2,4,5,245
1483,95,10,361.59000000000003,2,4,5,245
1733,109,10,391.81,2,4,5,245
1755,96,10,488.65999999999997,2,4,5,245
26,112,10,264.71,2,4,4,244
117,113,10,275.43,2,4,4,244
136,96,10,311.21,2,4,4,244
208,93,10,324.39,2,4,4,244
228,98,10,292.17,2,4,4,244
241,115,10,263.9,2,4,4,244
312,101,11,337.1,2,4,4,244
413,77,11,337.16,2,4,4,244
452,119,11,265.36,2,4,4,244
474,104,10,286.84,2,4,4,244
488,78,11,265.1,2,4,4,244
703,89,11,268.13,2,4,4,244
706,72,10,292.79,2,4,4,244
850,94,11,330.76,2,4,4,244
860,85,11,326.36,2,4,4,244
871,114,11,287.22,2,4,4,244
909,113,11,289.39,2,4,4,244
917,117,11,275.99,2,4,4,244
935,99,11,269.71,2,4,4,244
1039,88,10,286.7,2,4,4,244
1043,101,11,292.79,2,4,4,244
1056,97,11,294.57,2,4,4,244
1083,81,10,298.94,2,4,4,244
1155,86,10,266.09,2,4,4,244
1215,82,9,314.61,2,4,4,244
1288,87,11,270.06,2,4,4,244
1310,72,9,274.90999999999997,2,4,4,244
1338,69,9,280.81,2,4,4,244
1376,73,9,329.76,2,4,4,244
1452,94,10,315.65,2,4,4,244
1454,100,10,314.45,2,4,4,244
1471,113,9,322.11,2,4,4,244
1504,117,11,311.42,2,4,4,244
1519,78,10,310.49,2,4,4,244
1526,93,10,304.67,2,4,4,244
1580,81,10,316.33,2,4,4,244
1597,95,11,334.03,2,4,4,244
1607,85,9,279.22,2,4,4,244
1709,83,10,300.59000000000003,2,4,4,244
1924,85,10,275.47,2,4,4,244
1954,76,10,294.14,2,4,4,244
209,72,10,224.85999999999999,2,4,3,243
283,80,10,244.48000000000002,2,4,3,243
295,114,10,255.7,2,4,3,243
445,88,11,248.89,2,4,3,243
476,79,10,219.35,2,4,3,243
496,88,10,233.3,2,4,3,243
566,79,11,229.73000000000002,2,4,3,243
596,93,11,256.67,2,4,3,243
842,82,10,226.92000000000002,2,4,3,243
844,105,10,219.82,2,4,3,243
900,81,10,250.5,2,4,3,243
1045,99,11,237.46,2,4,3,243
1110,84,10,248.29000000000002,2,4,3,243
1114,120,9,258.18,2,4,3,243
1133,99,9,231.63,2,4,3,243
1135,108,9,227.59,2,4,3,243
1145,78,10,240.92000000000002,2,4,3,243
1206,110,10,258.07,2,4,3,243
1363,104,9,226.17000000000002,2,4,3,243
1579,98,9,248.15,2,4,3,243
1633,104,11,262.07,2,4,3,243
1654,110,9,204.76,2,4,3,243
1737,91,9,208.75,2,4,3,243
1762,109,9,230.2,2,4,3,243
1769,72,9,202.44,2,4,3,243
1810,81,9,206.26999999999998,2,4,3,243
1882,103,9,244.1,2,4,3,243
1951,105,10,248.39000000000001,2,4,3,243
1957,107,9,228.24,2,4,3,243
1307,107,9,190.28,2,4,2,242
1403,71,9,190.19,2,4,2,242
1451,112,9,190.56,2,4,2,242
1603,101,10,170.02,2,4,2,242
1944,115,9,185.22,2,4,2,242
564,94,9,380.3,2,3,5,235
1029,98,9,433.62,2,3,5,235
1712,70,8,366.82,2,3,5,235
1935,69,8,375.21999999999997,2,3,5,235
70,103,8,288.32,2,3,4,234
98,76,9,320.39,2,3,4,234
137,86,9,272.65,2,3,4,234
258,99,9,294.21,2,3,4,234
318,75,9,283.48,2,3,4,234
376,96,8,276.41999999999996,2,3,4,234
519,98,9,321.38,2,3,4,234
571,81,9,264.68,2,3,4,234
630,118,9,291.63,2,3,4,234
631,109,9,276.3,2,3,4,234
797,74,9,283.92,2,3,4,234
878,87,9,317.92,2,3,4,234
970,81,8,265.84000000000003,2,3,4,234
1001,113,9,291.91,2,3,4,234
1014,93,9,270.43,2,3,4,234
1139,83,7,301.8,2,3,4,234
1274,99,8,317.94,2,3,4,234
1684,89,8,271.44,2,3,4,234
1899,108,8,323.16,2,3,4,234
1911,109,7,308.63,2,3,4,234
14,84,9,211.74,2,3,3,233
24,102,8,220.87,2,3,3,233
77,110,8,219.75,2,3,3,233
214,96,9,262.57,2,3,3,233
377,115,9,226.0,2,3,3,233
384,75,8,198.51,2,3,3,233
404,100,9,220.16,2,3,3,233
438,79,8,237.29000000000002,2,3,3,233
449,75,9,214.91,2,3,3,233
521,71,8,253.04,2,3,3,233
538,91,8,206.13,2,3,3,233
565,73,9,239.39999999999998,2,3,3,233
597,119,9,254.73999999999998,2,3,3,233
668,89,9,250.79,2,3,3,233
681,71,9,236.67999999999998,2,3,3,233
728,94,8,254.64,2,3,3,233
768,109,8,223.73,2,3,3,233
829,108,9,244.35,2,3,3,233
861,109,8,225.5,2,3,3,233
876,83,7,243.98000000000002,2,3,3,233
960,74,8,222.86,2,3,3,233
969,111,8,217.18,2,3,3,233
989,113,8,238.31,2,3,3,233
1032,114,7,233.62,2,3,3,233
1064,109,7,223.97,2,3,3,233
1429,107,8,231.86,2,3,3,233
1433,110,8,225.9,2,3,3,233
1455,103,7,211.54,2,3,3,233
1476,115,8,247.85,2,3,3,233
1510,97,7,247.66,2,3,3,233
1677,115,8,216.11,2,3,3,233
1782,100,8,234.56,2,3,3,233
1930,74,7,230.61,2,3,3,233
1945,92,7,229.64,2,3,3,233
69,93,9,197.54,2,3,2,232
178,95,9,197.32,2,3,2,232
527,80,8,196.5,2,3,2,232
848,79,9,181.75,2,3,2,232
856,105,7,190.55,2,3,2,232
948,100,8,156.59,2,3,2,232
957,98,8,146.64,2,3,2,232
991,75,7,144.16,2,3,2,232
1012,83,8,178.06,2,3,2,232
1078,89,7,197.27,2,3,2,232
1151,76,7,195.97,2,3,2,232
1388,72,8,169.35,2,3,2,232
1402,72,8,165.16,2,3,2,232
1582,92,7,134.4,2,3,2,232
1653,88,7,178.32999999999998,2,3,2,232
1698,112,7,144.81,2,3,2,232
1900,77,7,167.71,2,3,2,232
1978,74,7,130.8,2,3,2,232
1632,82,7,108.52,2,3,1,231
184,95,7,320.82,2,2,4,224
277,105,7,296.98,2,2,4,224
1395,115,6,272.98,2,2,4,224
1415,92,6,265.73,2,2,4,224
104,89,6,224.17,2,2,3,223
148,118,7,247.27,2,2,3,223
263,89,7,216.43,2,2,3,223
493,93,6,204.95999999999998,2,2,3,223
540,85,7,241.71,2,2,3,223
653,100,7,217.96,2,2,3,223
734,95,6,206.22,2,2,3,223
786,88,7,209.76,2,2,3,223
805,87,6,226.28,2,2,3,223
859,110,6,203.17000000000002,2,2,3,223
937,70,6,249.57999999999998,2,2,3,223
1073,83,6,241.64,2,2,3,223
1202,71,5,217.95000000000002,2,2,3,223
1573,105,6,219.53,2,2,3,223
1614,100,6,201.9,2,2,3,223
1742,121,6,200.08,2,2,3,223
1797,77,5,210.08999999999997,2,2,3,223
1905,77,6,218.23000000000002,2,2,3,223
1998,84,6,201.79,2,2,3,223
33,92,5,187.82,2,2,2,222
59,74,7,139.34,2,2,2,222
84,115,5,121.98,2,2,2,222
140,88,5,144.63,2,2,2,222
144,102,7,168.37,2,2,2,222
179,77,7,154.35,2,2,2,222
199,72,6,127.96000000000001,2,2,2,222
304,98,7,170.79,2,2,2,222
342,82,7,154.76,2,2,2,222
374,103,6,161.24,2,2,2,222
487,117,7,179.74,2,2,2,222
510,102,7,173.99,2,2,2,222
529,118,6,189.49,2,2,2,222
531,70,5,126.82000000000001,2,2,2,222
591,96,6,159.1,2,2,2,222
609,115,6,185.36,2,2,2,222
612,72,6,133.77,2,2,2,222
614,101,6,174.71,2,2,2,222
642,104,5,154.31,2,2,2,222
650,71,6,135.81,2,2,2,222
741,88,7,176.49,2,2,2,222
745,94,5,120.49000000000001,2,2,2,222
774,88,5,174.93,2,2,2,222
863,100,5,122.29,2,2,2,222
924,87,6,194.85,2,2,2,222
980,76,5,149.14000000000001,2,2,2,222
1002,86,5,188.88,2,2,2,222
1017,77,6,196.20000000000002,2,2,2,222
1089,98,6,124.38,2,2,2,222
1130,80,6,174.55,2,2,2,222
1189,92,6,157.46,2,2,2,222
1263,87,5,155.69,2,2,2,222
1353,108,6,135.71,2,2,2,222
1387,82,5,127.7,2,2,2,222
1392,83,5,141.96,2,2,2,222
1440,95,6,178.05,2,2,2,222
1534,95,5,163.45,2,2,2,222
1738,92,5,190.58,2,2,2,222
1789,114,6,129.73,2,2,2,222
1821,78,6,185.60999999999999,2,2,2,222
1851,71,6,187.26,2,2,2,222
1231,72,5,106.76,2,2,1,221
1410,112,5,113.53999999999999,2,2,1,221
1565,70,5,113.32,2,2,1,221
1660,109,6,100.4,2,2,1,221
1752,87,5,104.57,2,2,1,221
1049,74,2,219.51,2,1,3,213
38,73,4,135.82999999999998,2,1,2,212
145,103,3,140.73000000000002,2,1,2,212
244,97,3,120.67,2,1,2,212
429,102,3,125.48,2,1,2,212
748,72,4,138.7,2,1,2,212
930,87,4,139.19,2,1,2,212
965,90,4,132.11,2,1,2,212
1200,112,4,122.37,2,1,2,212
1342,102,4,132.73,2,1,2,212
1949,69,3,129.7,2,1,2,212
4,121,2,61.33,2,1,1,211
31,108,4,85.02000000000001,2,1,1,211
97,70,1,41.73,2,1,1,211
99,75,2,61.599999999999994,2,1,1,211
107,75,4,77.61,2,1,1,211
220,113,3,46.48,2,1,1,211
268,107,3,107.5,2,1,1,211
367,91,4,59.7,2,1,1,211
389,87,2,42.86,2,1,1,211
410,86,4,93.28,2,1,1,211
422,71,1,23.59,2,1,1,211
423,102,1,15.27,2,1,1,211
451,83,1,28.11,2,1,1,211
473,110,1,38.15,2,1,1,211
572,77,1,18.92,2,1,1,211
580,95,3,115.75999999999999,2,1,1,211
595,75,2,34.459999999999994,2,1,1,211
615,98,1,12.47,2,1,1,211
635,80,1,11.81,2,1,1,211
682,77,1,4.77,2,1,1,211
773,118,3,71.32,2,1,1,211
791,112,3,102.13999999999999,2,1,1,211
817,118,1,23.1,2,1,1,211
846,76,1,34.2,2,1,1,211
868,83,1,29.19,2,1,1,211
1033,112,4,95.02,2,1,1,211
1036,85,1,10.79,2,1,1,211
1075,74,4,110.9,2,1,1,211
1115,81,3,57.11,2,1,1,211
1129,94,2,75.9,2,1,1,211
1137,116,3,85.30000000000001,2,1,1,211
1176,81,2,57.47,2,1,1,211
1244,86,1,18.84,2,1,1,211
1331,110,4,105.9,2,1,1,211
1333,77,2,33.4,2,1,1,211
1354,106,2,68.21000000000001,2,1,1,211
1377,76,1,65.77,2,1,1,211
1393,111,2,70.35,2,1,1,211
1494,112,1,28.79,2,1,1,211
1511,88,1,53.17,2,1,1,211
1551,84,2,50.480000000000004,2,1,1,211
1571,88,2,82.67,2,1,1,211
1589,102,1,32.22,2,1,1,211
1598,88,2,88.27,2,1,1,211
1645,82,1,41.59,2,1,1,211
1682,77,3,112.35,2,1,1,211
1690,75,2,38.52,2,1,1,211
1765,86,1,8.15,2,1,1,211
1784,98,1,54.38,2,1,1,211
1929,69,3,95.83,2,1,1,211
1953,78,1,58.93,2,1,1,211
1964,81,3,63.17,2,1,1,211
1971,71,1,17.82,2,1,1,211
1985,100,1,25.68,2,1,1,211
32,128,14,454.0,1,5,5,155
46,137,14,423.87,1,5,5,155
90,149,13,437.53,1,5,5,155
133,157,16,390.71,1,5,5,155
225,339,12,423.34999999999997,1,5,5,155
232,129,12,342.23,1,5,5,155
350,123,13,378.71,1,5,5,155
373,253,14,551.5699999999999,1,5,5,155
408,254,16,479.69,1,5,5,155
634,188,16,448.69,1,5,5,155
678,164,14,344.92,1,5,5,155
715,184,12,386.39,1,5,5,155
721,258,12,399.40999999999997,1,5,5,155
751,172,16,522.18,1,5,5,155
785,307,12,408.25,1,5,5,155
870,266,12,420.36,1,5,5,155
923,360,17,478.16999999999996,1,5,5,155
938,242,14,430.55,1,5,5,155
962,136,17,447.57,1,5,5,155
1022,257,12,417.41999999999996,1,5,5,155
1030,290,12,366.1,1,5,5,155
1179,359,13,443.58,1,5,5,155
1248,256,14,368.64,1,5,5,155
1255,152,14,474.75,1,5,5,155
1257,199,18,496.96,1,5,5,155
1287,297,14,357.55,1,5,5,155
1297,136,14,340.97,1,5,5,155
1322,171,14,451.39,1,5,5,155
1329,155,12,349.55,1,5,5,155
1399,125,15,370.66,1,5,5,155
1405,160,13,475.16999999999996,1,5,5,155
1406,186,21,617.8199999999999,1,5,5,155
1436,373,12,500.81,1,5,5,155
1439,223,13,417.95,1,5,5,155
1441,216,12,400.8,1,5,5,155
1477,292,18,664.96,1,5,5,155
1570,131,15,409.08,1,5,5,155
1575,134,19,681.67,1,5,5,155
1611,167,15,444.81,1,5,5,155
1624,266,12,350.28,1,5,5,155
1627,214,15,493.18,1,5,5,155
1643,207,14,404.32,1,5,5,155
1687,167,13,358.64,1,5,5,155
1688,142,11,341.09,1,5,5,155
1710,185,11,388.28000000000003,1,5,5,155
1753,242,13,345.44,1,5,5,155
1845,127,13,523.76,1,5,5,155
1857,246,11,422.47,1,5,5,155
1977,122,15,370.44,1,5,5,155
1995,192,14,410.26,1,5,5,155
57,130,12,289.8,1,5,4,154
231,183,12,276.98,1,5,4,154
315,223,12,335.79,1,5,4,154
356,160,12,321.32,1,5,4,154
454,382,13,322.63,1,5,4,154
1266,156,13,291.35,1,5,4,154
1486,303,12,265.83,1,5,4,154
1644,261,11,305.81,1,5,4,154
1676,129,11,301.81,1,5,4,154
1892,129,11,284.38,1,5,4,154
754,250,12,208.65,1,5,3,153
1321,226,12,227.32999999999998,1,5,3,153
174,150,11,378.98,1,4,5,145
348,161,11,364.47,1,4,5,145
490,133,11,343.3,1,4,5,145
505,123,11,380.38,1,4,5,145
588,125,11,403.69,1,4,5,145
704,222,11,433.12,1,4,5,145
811,151,10,464.77,1,4,5,145
1209,212,9,396.40999999999997,1,4,5,145
1351,132,11,439.88,1,4,5,145
1396,177,11,416.66,1,4,5,145
1700,195,10,492.08000000000004,1,4,5,145
1734,314,9,410.69,1,4,5,145
1785,396,10,344.72,1,4,5,145
1906,137,10,348.38,1,4,5,145
80,145,11,337.51,1,4,4,144
95,139,10,295.34000000000003,1,4,4,144
105,146,10,292.97,1,4,4,144
141,159,11,320.12,1,4,4,144
219,274,11,296.05,1,4,4,144
331,149,10,286.48,1,4,4,144
368,169,10,327.28,1,4,4,144
387,306,10,329.58,1,4,4,144
414,168,10,278.87,1,4,4,144
661,226,10,272.91,1,4,4,144
744,131,11,315.2,1,4,4,144
763,143,10,285.75,1,4,4,144
864,193,11,272.54,1,4,4,144
875,175,10,333.48,1,4,4,144
1053,170,11,284.32,1,4,4,144
1273,141,10,274.21,1,4,4,144
1364,202,11,282.73,1,4,4,144
1368,408,10,311.03,1,4,4,144
1375,174,9,334.73,1,4,4,144
1533,168,10,325.54,1,4,4,144
1549,375,9,315.1,1,4,4,144
1655,211,9,277.15,1,4,4,144
1657,274,10,326.63,1,4,4,144
1696,272,10,281.92,1,4,4,144
1809,223,9,329.28000000000003,1,4,4,144
1811,214,9,275.81,1,4,4,144
1830,206,9,268.64,1,4,4,144
1838,140,10,333.46,1,4,4,144
1840,277,10,294.96,1,4,4,144
1903,122,9,277.03,1,4,4,144
1946,218,10,308.25,1,4,4,144
51,127,10,202.26,1,4,3,143
308,140,10,208.64,1,4,3,143
578,143,11,236.15,1,4,3,143
759,330,11,239.63,1,4,3,143
881,175,10,240.42000000000002,1,4,3,143
882,328,11,251.65,1,4,3,143
944,212,10,261.78,1,4,3,143
993,249,10,251.57999999999998,1,4,3,143
1047,269,10,220.60999999999999,1,4,3,143
1172,177,9,249.92,1,4,3,143
1265,312,10,210.69,1,4,3,143
1308,203,9,254.56,1,4,3,143
1369,145,9,224.28,1,4,3,143
1370,209,9,244.69,1,4,3,143
1425,128,10,240.96,1,4,3,143
1508,133,9,205.78,1,4,3,143
1560,274,9,205.31,1,4,3,143
1563,211,9,241.4,1,4,3,143
1802,249,9,213.18,1,4,3,143
1846,269,10,224.92,1,4,3,143
1880,192,9,220.37,1,4,3,143
1890,173,9,210.51,1,4,3,143
1909,170,9,263.22,1,4,3,143
1948,493,10,231.26,1,4,3,143
288,124,10,192.96,1,4,2,142
1161,201,9,177.03,1,4,2,142
1537,129,9,179.70999999999998,1,4,2,142
1550,123,9,180.15,1,4,2,142
1625,172,10,172.63,1,4,2,142
1741,211,9,182.27,1,4,2,142
120,256,9,348.76,1,3,5,135
316,218,9,467.46,1,3,5,135
936,170,9,344.27,1,3,5,135
981,156,9,408.1,1,3,5,135
1134,159,8,399.87,1,3,5,135
1704,301,8,355.81,1,3,5,135
8,149,9,267.64,1,3,4,134
16,177,9,324.1,1,3,4,134
35,400,8,289.69,1,3,4,134
188,186,8,282.32,1,3,4,134
229,123,9,292.43,1,3,4,134
332,181,8,296.02,1,3,4,134
357,184,9,272.52,1,3,4,134
464,150,8,295.34000000000003,1,3,4,134
622,142,8,287.98,1,3,4,134
670,134,8,324.91999999999996,1,3,4,134
672,182,8,296.35,1,3,4,134
707,234,8,278.82,1,3,4,134
719,181,9,329.34,1,3,4,134
752,451,9,290.44,1,3,4,134
771,228,8,265.8,1,3,4,134
790,123,9,309.46999999999997,1,3,4,134
803,172,9,284.34,1,3,4,134
816,177,9,265.78999999999996,1,3,4,134
939,264,8,285.19,1,3,4,134
941,157,9,309.38,1,3,4,134
988,271,9,274.06,1,3,4,134
1003,260,9,319.21000000000004,1,3,4,134
1041,203,8,267.05,1,3,4,134
1314,167,8,272.32,1,3,4,134
1545,146,8,266.44,1,3,4,134
1639,142,7,278.05,1,3,4,134
1728,165,8,338.78,1,3,4,134
1791,134,8,274.90999999999997,1,3,4,134
44,528,8,244.83,1,3,3,133
50,206,8,221.69,1,3,3,133
52,180,8,227.06,1,3,3,133
103,156,8,205.56,1,3,3,133
217,191,8,237.04000000000002,1,3,3,133
224,335,8,229.5,1,3,3,133
314,163,9,211.62,1,3,3,133
399,174,9,231.78,1,3,3,133
425,219,9,258.56,1,3,3,133
528,142,9,219.0,1,3,3,133
655,127,8,218.28,1,3,3,133
679,328,8,221.69,1,3,3,133
708,351,9,220.44,1,3,3,133
766,321,9,232.44,1,3,3,133
840,127,9,206.58,1,3,3,133
896,135,8,232.78,1,3,3,133
929,314,9,199.69,1,3,3,133
973,200,8,216.24,1,3,3,133
1138,199,8,252.91,1,3,3,133
1174,125,8,199.19,1,3,3,133
1236,156,8,242.20999999999998,1,3,3,133
1240,510,8,213.84,1,3,3,133
1268,358,8,238.77,1,3,3,133
1332,504,8,227.54,1,3,3,133
1479,220,7,201.21,1,3,3,133
1480,211,7,211.0,1,3,3,133
1544,195,7,243.45000000000002,1,3,3,133
1555,237,8,261.04999999999995,1,3,3,133
1701,161,7,218.23,1,3,3,133
1729,407,7,198.83,1,3,3,133
1746,332,7,206.6,1,3,3,133
1763,205,7,234.29,1,3,3,133
1848,200,7,247.11,1,3,3,133
13,161,8,192.12,1,3,2,132
152,133,8,155.38,1,3,2,132
191,142,8,165.76,1,3,2,132
252,298,9,191.05,1,3,2,132
471,142,8,164.24,1,3,2,132
489,146,8,162.91,1,3,2,132
623,170,9,177.8,1,3,2,132
730,221,8,134.0,1,3,2,132
849,181,7,169.18,1,3,2,132
908,256,8,193.6,1,3,2,132
958,136,7,158.97,1,3,2,132
996,135,7,191.4,1,3,2,132
1126,289,7,162.84,1,3,2,132
1169,147,7,186.1,1,3,2,132
1219,176,7,158.75,1,3,2,132
1359,412,8,179.96,1,3,2,132
1459,199,7,180.22,1,3,2,132
1612,233,7,184.84,1,3,2,132
1708,157,7,183.09,1,3,2,132
1766,394,7,164.03,1,3,2,132
1801,210,7,171.67000000000002,1,3,2,132
1449,209,7,107.91,1,3,1,131
28,145,7,263.82,1,2,4,124
599,209,7,320.84000000000003,1,2,4,124
705,299,7,271.02,1,2,4,124
39,323,6,211.10999999999999,1,2,3,123
119,196,7,220.42,1,2,3,123
166,349,6,235.48999999999998,1,2,3,123
249,236,6,207.96,1,2,3,123
280,132,7,219.37,1,2,3,123
289,216,7,217.01,1,2,3,123
393,231,5,198.57,1,2,3,123
569,174,7,201.46,1,2,3,123
598,126,6,248.72,1,2,3,123
639,310,5,211.64000000000001,1,2,3,123
663,229,7,251.83,1,2,3,123
720,145,6,203.53,1,2,3,123
735,175,7,218.07999999999998,1,2,3,123
787,214,7,216.16,1,2,3,123
802,327,6,208.87,1,2,3,123
877,132,6,254.57999999999998,1,2,3,123
982,215,6,211.63,1,2,3,123
1037,229,5,239.32999999999998,1,2,3,123
1123,419,6,249.48,1,2,3,123
1144,126,6,228.57,1,2,3,123
1191,131,6,223.72,1,2,3,123
1596,148,6,208.46,1,2,3,123
1679,137,5,198.91,1,2,3,123
1748,256,6,198.88,1,2,3,123
1816,142,6,205.98,1,2,3,123
1853,139,6,239.09,1,2,3,123
21,125,5,125.86,1,2,2,122
22,429,7,165.84,1,2,2,122
93,260,6,144.12,1,2,2,122
142,136,5,136.9,1,2,2,122
253,144,5,165.63,1,2,2,122
297,130,5,183.35,1,2,2,122
301,247,7,187.61,1,2,2,122
321,179,5,133.49,1,2,2,122
467,143,7,137.73000000000002,1,2,2,122
509,129,6,180.07999999999998,1,2,2,122
512,138,5,134.87,1,2,2,122
514,350,6,165.06,1,2,2,122
517,202,5,138.35,1,2,2,122
552,300,5,160.64,1,2,2,122
556,200,5,132.73,1,2,2,122
601,149,7,191.19,1,2,2,122
624,177,6,122.03,1,2,2,122
640,192,7,176.4,1,2,2,122
660,254,7,195.19,1,2,2,122
701,197,5,137.16000000000003,1,2,2,122
724,187,7,169.13,1,2,2,122
778,594,5,164.34,1,2,2,122
837,188,6,184.36,1,2,2,122
853,176,5,163.96,1,2,2,122
899,194,5,167.02,1,2,2,122
926,186,6,178.25,1,2,2,122
950,198,6,119.37,1,2,2,122
951,199,6,145.55,1,2,2,122
1005,221,6,162.07,1,2,2,122
1038,277,6,130.78,1,2,2,122
1099,406,5,142.59,1,2,2,122
1117,140,5,120.22,1,2,2,122
1118,403,6,181.79,1,2,2,122
1238,220,5,132.76,1,2,2,122
1239,357,5,132.9,1,2,2,122
1264,244,6,165.82999999999998,1,2,2,122
1302,163,6,195.15,1,2,2,122
1309,126,6,156.64,1,2,2,122
1371,154,5,134.48000000000002,1,2,2,122
1422,250,5,144.93,1,2,2,122
1423,145,6,181.2,1,2,2,122
1453,125,5,142.25,1,2,2,122
1463,325,5,126.25,1,2,2,122
1515,212,5,147.51,1,2,2,122
1520,236,6,148.15,1,2,2,122
1523,177,5,142.62,1,2,2,122
1540,145,5,148.51,1,2,2,122
1542,210,5,175.87,1,2,2,122
1615,125,6,195.86,1,2,2,122
1630,147,6,147.44,1,2,2,122
1697,280,5,128.92000000000002,1,2,2,122
1750,209,6,186.01,1,2,2,122
1772,147,5,122.0,1,2,2,122
1814,243,5,130.01,1,2,2,122
1855,236,5,127.05,1,2,2,122
1860,143,6,131.15,1,2,2,122
1893,375,6,129.39,1,2,2,122
1908,601,5,164.95,1,2,2,122
1917,161,5,140.22,1,2,2,122
1941,536,5,180.14000000000001,1,2,2,122
317,216,5,103.84,1,2,1,121
354,470,5,116.83,1,2,1,121
544,140,5,66.52,1,2,1,121
1320,283,6,111.37,1,2,1,121
1334,178,5,68.13,1,2,1,121
1662,137,4,111.73,1,2,1,121
1872,608,4,83.07,1,2,1,121
1916,150,4,70.4,1,2,1,121
2000,433,5,91.74000000000001,1,2,1,121
82,235,4,144.02,1,1,2,112
204,156,4,149.7,1,1,2,112
269,309,4,140.99,1,1,2,112
300,178,4,145.11,1,1,2,112
444,252,4,166.31,1,1,2,112
737,135,4,145.29,1,1,2,112
887,196,4,125.53999999999999,1,1,2,112
1101,264,4,126.13,1,1,2,112
1208,301,4,138.98,1,1,2,112
20,138,2,52.29,1,1,1,111
67,146,3,91.24,1,1,1,111
109,201,2,39.26,1,1,1,111
114,221,2,88.37,1,1,1,111
147,134,4,117.17,1,1,1,111
158,143,3,49.39,1,1,1,111
211,215,1,22.53,1,1,1,111
235,178,3,64.15,1,1,1,111
238,284,3,103.63,1,1,1,111
257,296,4,96.3,1,1,1,111
279,178,1,22.7,1,1,1,111
282,309,1,21.05,1,1,1,111
343,148,3,115.43,1,1,1,111
371,157,3,74.03999999999999,1,1,1,111
372,248,4,47.16,1,1,1,111
379,248,2,85.99,1,1,1,111
386,155,3,83.47,1,1,1,111
402,169,2,52.04,1,1,1,111
412,159,3,109.71000000000001,1,1,1,111
437,161,2,34.79,1,1,1,111
455,158,1,25.51,1,1,1,111
457,158,1,24.05,1,1,1,111
478,129,2,21.74,1,1,1,111
479,250,2,28.96,1,1,1,111
500,124,3,47.15,1,1,1,111
504,158,4,75.45,1,1,1,111
577,183,3,92.78,1,1,1,111
652,175,2,41.19,1,1,1,111
664,138,3,91.68,1,1,1,111
686,136,3,91.37,1,1,1,111
702,146,3,71.97,1,1,1,111
827,913,4,65.02000000000001,1,1,1,111
854,162,1,17.6,1,1,1,111
976,140,1,35.86,1,1,1,111
1072,155,1,28.81,1,1,1,111
1087,218,3,38.06,1,1,1,111
1100,314,3,80.53999999999999,1,1,1,111
1177,191,2,53.05,1,1,1,111
1192,140,2,72.26,1,1,1,111
1210,256,1,22.67,1,1,1,111
1299,162,3,77.85,1,1,1,111
1386,128,1,45.64,1,1,1,111
1450,171,1,14.71,1,1,1,111
1470,945,3,95.98,1,1,1,111
1527,166,1,20.03,1,1,1,111
1536,152,4,65.66,1,1,1,111
1628,193,2,35.4,1,1,1,111
1780,227,3,66.0,1,1,1,111
1932,158,1,40.35,1,1,1,111
1942,211,1,17.66,1,1,1,111
